,MAE,MSE,RMSE,R2
Linear Regression,35.5200667090839,2035.171326341092,45.11287317763181,0.03150981117770124
Ridge Regression,35.52006672097449,2035.171326545713,45.112873179899694,0.03150981108032691
Lasso Regression,35.528063321276406,2035.4930823930868,45.11643915905916,0.03135669503680538
Decision Tree,17.930038046480504,1139.8383530308806,33.76149216238643,0.4575777245552841
Random Forest,15.39949356944455,547.8779327682121,23.406792449376997,0.7392777720034927
Gradient Boosting,32.74540769024341,1739.7802970738521,41.71067365883524,0.17207945757979248
