,MAE,MSE,RMSE,R2
Linear Regression,30.279701716390942,1494.636066235895,38.660523356983866,0.2887378338747222
Ridge Regression,30.279701793400662,1494.6360497620667,38.660523143926376,0.2887378417142298
Lasso Regression,30.60199681967987,1522.4967371684415,39.01918421966868,0.27547959556183843
Decision Tree,12.423655470575572,656.1911662746176,25.616228572422944,0.6877340505423781
Random Forest,11.090205063983895,342.430231196168,18.504870472288317,0.8370455032570276
Gradient Boosting,27.739384940734592,1261.8090167944035,35.52195119632934,0.39953475311096376
