,MAE,MSE,RMSE,R2
Linear Regression,30.70236794062914,1532.580308266866,39.14818397150583,0.27068106113345025
Ridge Regression,30.7023687913143,1532.5803005825917,39.1481838733624,0.2706810647902157
Lasso Regression,31.11539315068071,1570.1744194056766,39.625426425537384,0.25279090745243715
Decision Tree,17.066289184373712,1012.8756140440645,31.82570681138228,0.5179963072383469
Random Forest,15.526695520196691,575.6601749794152,23.992919267555067,0.7260568560752946
Gradient Boosting,28.668778847275533,1345.0247079671483,36.67457849747081,0.35993436202164764
